,id,name,cost,position,home_team,away_team,kickoff_time,is_home,team_x
0,1,Folarin Balogun,44,FWD,Arsenal,Man Utd,2023-09-03T15:30:00Z,True,Arsenal
1,2,Cédric Alves Soares,40,DEF,Arsenal,Man Utd,2023-09-03T15:30:00Z,True,Arsenal
2,3,Mohamed Elneny,44,MID,Arsenal,Man Utd,2023-09-03T15:30:00Z,True,Arsenal
3,4,Fábio Ferreira Vieira,54,MID,Arsenal,Man Utd,2023-09-03T15:30:00Z,True,Arsenal
4,5,Gabriel dos Santos Magalhães,48,DEF,Arsenal,Man Utd,2023-09-03T15:30:00Z,True,Arsenal
5,6,Kai Havertz,73,MID,Arsenal,Man Utd,2023-09-03T15:30:00Z,True,Arsenal
6,7,Rob Holding,44,DEF,Arsenal,Man Utd,2023-09-03T15:30:00Z,True,Arsenal
7,8,Gabriel Fernando de Jesus,79,FWD,Arsenal,Man Utd,2023-09-03T15:30:00Z,True,Arsenal
8,9,Jorge Luiz Frello Filho,54,MID,Arsenal,Man Utd,2023-09-03T15:30:00Z,True,Arsenal
9,10,Jakub Kiwior,44,DEF,Arsenal,Man Utd,2023-09-03T15:30:00Z,True,Arsenal
10,11,Marcus Oliveira Alencar,45,MID,Arsenal,Man Utd,2023-09-03T15:30:00Z,True,Arsenal
11,12,Gabriel Martinelli Silva,80,MID,Arsenal,Man Utd,2023-09-03T15:30:00Z,True,Arsenal
12,13,Eddie Nketiah,56,FWD,Arsenal,Man Utd,2023-09-03T15:30:00Z,True,Arsenal
13,14,Martin Ødegaard,85,MID,Arsenal,Man Utd,2023-09-03T15:30:00Z,True,Arsenal
14,15,Thomas Partey,49,MID,Arsenal,Man Utd,2023-09-03T15:30:00Z,True,Arsenal
15,16,Nicolas Pépé,49,MID,Arsenal,Man Utd,2023-09-03T15:30:00Z,True,Arsenal
16,17,Aaron Ramsdale,50,GKP,Arsenal,Man Utd,2023-09-03T15:30:00Z,True,Arsenal
17,18,Rúnar Alex Rúnarsson,40,GKP,Arsenal,Man Utd,2023-09-03T15:30:00Z,True,Arsenal
18,19,Bukayo Saka,87,MID,Arsenal,Man Utd,2023-09-03T15:30:00Z,True,Arsenal
19,20,William Saliba,52,DEF,Arsenal,Man Utd,2023-09-03T15:30:00Z,True,Arsenal
20,21,Albert Sambi Lokonga,49,MID,Arsenal,Man Utd,2023-09-03T15:30:00Z,True,Arsenal
21,22,Emile Smith Rowe,54,MID,Arsenal,Man Utd,2023-09-03T15:30:00Z,True,Arsenal
22,23,Nuno Varela Tavares,40,DEF,Arsenal,Man Utd,2023-09-03T15:30:00Z,True,Arsenal
23,24,Kieran Tierney,44,DEF,Arsenal,Man Utd,2023-09-03T15:30:00Z,True,Arsenal
24,25,Takehiro Tomiyasu,45,DEF,Arsenal,Man Utd,2023-09-03T15:30:00Z,True,Arsenal
25,26,Leandro Trossard,67,MID,Arsenal,Man Utd,2023-09-03T15:30:00Z,True,Arsenal
26,29,Benjamin White,55,DEF,Arsenal,Man Utd,2023-09-03T15:30:00Z,True,Arsenal
27,30,Granit Xhaka,60,MID,Arsenal,Man Utd,2023-09-03T15:30:00Z,True,Arsenal
28,31,Oleksandr Zinchenko,49,DEF,Arsenal,Man Utd,2023-09-03T15:30:00Z,True,Arsenal
29,113,David Raya Martin,49,GKP,Arsenal,Man Utd,2023-09-03T15:30:00Z,True,Arsenal
30,540,Declan Rice,54,MID,Arsenal,Man Utd,2023-09-03T15:30:00Z,True,Arsenal
31,578,Reiss Nelson,49,MID,Arsenal,Man Utd,2023-09-03T15:30:00Z,True,Arsenal
32,585,Jurriën Timber,48,DEF,Arsenal,Man Utd,2023-09-03T15:30:00Z,True,Arsenal
33,646,Karl Hein,40,GKP,Arsenal,Man Utd,2023-09-03T15:30:00Z,True,Arsenal
34,32,Alexandre Moreno Lopera,50,DEF,Liverpool,Aston Villa,2023-09-03T13:00:00Z,False,Aston Villa
35,34,Leon Bailey,55,MID,Liverpool,Aston Villa,2023-09-03T13:00:00Z,False,Aston Villa
36,35,Emiliano Buendía Stati,58,MID,Liverpool,Aston Villa,2023-09-03T13:00:00Z,False,Aston Villa
37,36,Matty Cash,46,DEF,Liverpool,Aston Villa,2023-09-03T13:00:00Z,False,Aston Villa
38,37,Calum Chambers,40,DEF,Liverpool,Aston Villa,2023-09-03T13:00:00Z,False,Aston Villa
39,38,Philippe Coutinho Correia,59,MID,Liverpool,Aston Villa,2023-09-03T13:00:00Z,False,Aston Villa
40,39,Keinan Davis,49,FWD,Liverpool,Aston Villa,2023-09-03T13:00:00Z,False,Aston Villa
41,40,Leander Dendoncker,49,MID,Liverpool,Aston Villa,2023-09-03T13:00:00Z,False,Aston Villa
42,41,Diego Carlos Santos Silva,45,DEF,Liverpool,Aston Villa,2023-09-03T13:00:00Z,False,Aston Villa
43,42,Lucas Digne,45,DEF,Liverpool,Aston Villa,2023-09-03T13:00:00Z,False,Aston Villa
44,43,Douglas Luiz Soares de Paulo,55,MID,Liverpool,Aston Villa,2023-09-03T13:00:00Z,False,Aston Villa
45,44,Jhon Durán,50,FWD,Liverpool,Aston Villa,2023-09-03T13:00:00Z,False,Aston Villa
46,45,Kortney Hause,40,DEF,Liverpool,Aston Villa,2023-09-03T13:00:00Z,False,Aston Villa
47,46,Tim Iroegbunam,44,MID,Liverpool,Aston Villa,2023-09-03T13:00:00Z,False,Aston Villa
48,47,Boubacar Kamara,50,MID,Liverpool,Aston Villa,2023-09-03T13:00:00Z,False,Aston Villa
49,48,Ezri Konsa Ngoyo,45,DEF,Liverpool,Aston Villa,2023-09-03T13:00:00Z,False,Aston Villa
50,49,Emiliano Martínez Romero,50,GKP,Liverpool,Aston Villa,2023-09-03T13:00:00Z,False,Aston Villa
51,50,John McGinn,55,MID,Liverpool,Aston Villa,2023-09-03T13:00:00Z,False,Aston Villa
52,51,Tyrone Mings,43,DEF,Liverpool,Aston Villa,2023-09-03T13:00:00Z,False,Aston Villa
53,53,Robin Olsen,40,GKP,Liverpool,Aston Villa,2023-09-03T13:00:00Z,False,Aston Villa
54,54,Jaden Philogene-Bidace,45,MID,Liverpool,Aston Villa,2023-09-03T13:00:00Z,False,Aston Villa
55,55,Jacob Ramsey,59,MID,Liverpool,Aston Villa,2023-09-03T13:00:00Z,False,Aston Villa
56,56,Morgan Sanson,45,MID,Liverpool,Aston Villa,2023-09-03T13:00:00Z,False,Aston Villa
57,57,Viljami Sinisalo,40,GKP,Liverpool,Aston Villa,2023-09-03T13:00:00Z,False,Aston Villa
58,58,Youri Tielemans,59,MID,Liverpool,Aston Villa,2023-09-03T13:00:00Z,False,Aston Villa
59,59,Bertrand Traoré,50,MID,Liverpool,Aston Villa,2023-09-03T13:00:00Z,False,Aston Villa
60,60,Ollie Watkins,80,FWD,Liverpool,Aston Villa,2023-09-03T13:00:00Z,False,Aston Villa
61,61,Wesley Moraes Ferreira da Silva,50,FWD,Liverpool,Aston Villa,2023-09-03T13:00:00Z,False,Aston Villa
62,584,Pau Torres,45,DEF,Liverpool,Aston Villa,2023-09-03T13:00:00Z,False,Aston Villa
63,599,Moussa Diaby,66,MID,Liverpool,Aston Villa,2023-09-03T13:00:00Z,False,Aston Villa
64,618,Omari Kellyman,45,MID,Liverpool,Aston Villa,2023-09-03T13:00:00Z,False,Aston Villa
65,670,Filip Marschall,40,GKP,Liverpool,Aston Villa,2023-09-03T13:00:00Z,False,Aston Villa
66,672,Nicolò Zaniolo,55,MID,Liverpool,Aston Villa,2023-09-03T13:00:00Z,False,Aston Villa
67,686,Oliwier Zych,40,GKP,Liverpool,Aston Villa,2023-09-03T13:00:00Z,False,Aston Villa
68,62,Jaidon Anthony,49,MID,Brentford,Bournemouth,2023-09-02T14:00:00Z,False,Bournemouth
69,63,Philip Billing,54,MID,Brentford,Bournemouth,2023-09-02T14:00:00Z,False,Bournemouth
70,64,David Brooks,49,MID,Brentford,Bournemouth,2023-09-02T14:00:00Z,False,Bournemouth
71,65,Ryan Christie,50,MID,Brentford,Bournemouth,2023-09-02T14:00:00Z,False,Bournemouth
72,66,Lewis Cook,50,MID,Brentford,Bournemouth,2023-09-02T14:00:00Z,False,Bournemouth
73,67,Siriki Dembélé,45,MID,Brentford,Bournemouth,2023-09-02T14:00:00Z,False,Bournemouth
74,68,Ryan Fredericks,44,DEF,Brentford,Bournemouth,2023-09-02T14:00:00Z,False,Bournemouth
75,69,James Hill,40,DEF,Brentford,Bournemouth,2023-09-02T14:00:00Z,False,Bournemouth
76,70,Lloyd Kelly,45,DEF,Brentford,Bournemouth,2023-09-02T14:00:00Z,False,Bournemouth
77,71,Gavin Kilkenny,45,MID,Brentford,Bournemouth,2023-09-02T14:00:00Z,False,Bournemouth
78,72,Justin Kluivert,49,MID,Brentford,Bournemouth,2023-09-02T14:00:00Z,False,Bournemouth
79,73,Jamal Lowe,49,MID,Brentford,Bournemouth,2023-09-02T14:00:00Z,False,Bournemouth
80,74,Emiliano Marcondes,45,MID,Brentford,Bournemouth,2023-09-02T14:00:00Z,False,Bournemouth
81,75,Chris Mepham,44,DEF,Brentford,Bournemouth,2023-09-02T14:00:00Z,False,Bournemouth
82,76,Kieffer Moore,49,FWD,Brentford,Bournemouth,2023-09-02T14:00:00Z,False,Bournemouth
83,77,Norberto Murara Neto,45,GKP,Brentford,Bournemouth,2023-09-02T14:00:00Z,False,Bournemouth
84,78,Dango Ouattara,49,MID,Brentford,Bournemouth,2023-09-02T14:00:00Z,False,Bournemouth
85,79,Ben Pearson,45,MID,Brentford,Bournemouth,2023-09-02T14:00:00Z,False,Bournemouth
86,80,Darren Randolph,40,GKP,Brentford,Bournemouth,2023-09-02T14:00:00Z,False,Bournemouth
87,81,Joe Rothwell,50,MID,Brentford,Bournemouth,2023-09-02T14:00:00Z,False,Bournemouth
88,82,Antoine Semenyo,45,FWD,Brentford,Bournemouth,2023-09-02T14:00:00Z,False,Bournemouth
89,83,Marcos Senesi,44,DEF,Brentford,Bournemouth,2023-09-02T14:00:00Z,False,Bournemouth
90,84,Adam Smith,44,DEF,Brentford,Bournemouth,2023-09-02T14:00:00Z,False,Bournemouth
91,85,Dominic Solanke,65,FWD,Brentford,Bournemouth,2023-09-02T14:00:00Z,False,Bournemouth
92,86,Marcus Tavernier,54,MID,Brentford,Bournemouth,2023-09-02T14:00:00Z,False,Bournemouth
93,87,Hamed Traorè,49,MID,Brentford,Bournemouth,2023-09-02T14:00:00Z,False,Bournemouth
94,88,Mark Travers,40,GKP,Brentford,Bournemouth,2023-09-02T14:00:00Z,False,Bournemouth
95,89,Illia Zabarnyi,45,DEF,Brentford,Bournemouth,2023-09-02T14:00:00Z,False,Bournemouth
96,595,Milos Kerkez,45,DEF,Brentford,Bournemouth,2023-09-02T14:00:00Z,False,Bournemouth
97,607,Ionuț Radu,45,GKP,Brentford,Bournemouth,2023-09-02T14:00:00Z,False,Bournemouth
98,619,Ben Greenwood,40,DEF,Brentford,Bournemouth,2023-09-02T14:00:00Z,False,Bournemouth
99,643,Max Aarons,45,DEF,Brentford,Bournemouth,2023-09-02T14:00:00Z,False,Bournemouth
100,644,Alex Scott,50,MID,Brentford,Bournemouth,2023-09-02T14:00:00Z,False,Bournemouth
101,673,Tyler Adams,50,MID,Brentford,Bournemouth,2023-09-02T14:00:00Z,False,Bournemouth
102,90,Kristoffer Ajer,45,DEF,Brentford,Bournemouth,2023-09-02T14:00:00Z,True,Brentford
103,91,Ellery Balcombe,40,GKP,Brentford,Bournemouth,2023-09-02T14:00:00Z,True,Brentford
104,92,Shandon Baptiste,45,MID,Brentford,Bournemouth,2023-09-02T14:00:00Z,True,Brentford
105,93,Mads Bech Sørensen,40,DEF,Brentford,Bournemouth,2023-09-02T14:00:00Z,True,Brentford
106,94,Mads Bidstrup,45,MID,Brentford,Bournemouth,2023-09-02T14:00:00Z,True,Brentford
107,95,Sergi Canós Tenés,50,MID,Brentford,Bournemouth,2023-09-02T14:00:00Z,True,Brentford
108,96,Nathan Collins,45,DEF,Brentford,Bournemouth,2023-09-02T14:00:00Z,True,Brentford
109,97,Matthew Cox,40,GKP,Brentford,Bournemouth,2023-09-02T14:00:00Z,True,Brentford
110,98,Mikkel Damsgaard,49,MID,Brentford,Bournemouth,2023-09-02T14:00:00Z,True,Brentford
111,99,Josh Dasilva,49,MID,Brentford,Bournemouth,2023-09-02T14:00:00Z,True,Brentford
112,100,Halil Dervişoğlu,45,FWD,Brentford,Bournemouth,2023-09-02T14:00:00Z,True,Brentford
113,101,Mark Flekken,45,GKP,Brentford,Bournemouth,2023-09-02T14:00:00Z,True,Brentford
114,102,Charlie Goode,40,DEF,Brentford,Bournemouth,2023-09-02T14:00:00Z,True,Brentford
115,103,Rico Henry,46,DEF,Brentford,Bournemouth,2023-09-02T14:00:00Z,True,Brentford
116,104,Aaron Hickey,45,DEF,Brentford,Bournemouth,2023-09-02T14:00:00Z,True,Brentford
117,105,Vitaly Janelt,55,MID,Brentford,Bournemouth,2023-09-02T14:00:00Z,True,Brentford
118,106,Mathias Jensen,54,MID,Brentford,Bournemouth,2023-09-02T14:00:00Z,True,Brentford
119,107,Keane Lewis-Potter,49,MID,Brentford,Bournemouth,2023-09-02T14:00:00Z,True,Brentford
120,108,Bryan Mbeumo,68,MID,Brentford,Bournemouth,2023-09-02T14:00:00Z,True,Brentford
121,109,Ben Mee,49,DEF,Brentford,Bournemouth,2023-09-02T14:00:00Z,True,Brentford
122,110,Christian Nørgaard,55,MID,Brentford,Bournemouth,2023-09-02T14:00:00Z,True,Brentford
123,111,Frank Onyeka,49,MID,Brentford,Bournemouth,2023-09-02T14:00:00Z,True,Brentford
124,112,Ethan Pinnock,45,DEF,Brentford,Bournemouth,2023-09-02T14:00:00Z,True,Brentford
125,114,Mads Roerslev Rasmussen,45,DEF,Brentford,Bournemouth,2023-09-02T14:00:00Z,True,Brentford
126,115,Kevin Schade,54,MID,Brentford,Bournemouth,2023-09-02T14:00:00Z,True,Brentford
127,116,Thomas Strakosha,40,GKP,Brentford,Bournemouth,2023-09-02T14:00:00Z,True,Brentford
128,117,Ivan Toney,79,FWD,Brentford,Bournemouth,2023-09-02T14:00:00Z,True,Brentford
129,118,Ryan Trevitt,45,MID,Brentford,Bournemouth,2023-09-02T14:00:00Z,True,Brentford
130,119,Yoane Wissa,62,FWD,Brentford,Bournemouth,2023-09-02T14:00:00Z,True,Brentford
131,120,Yegor Yarmolyuk,44,MID,Brentford,Bournemouth,2023-09-02T14:00:00Z,True,Brentford
132,121,Mathias Jorgensen,45,DEF,Brentford,Bournemouth,2023-09-02T14:00:00Z,True,Brentford
133,620,Michale Olakigbe,45,MID,Brentford,Bournemouth,2023-09-02T14:00:00Z,True,Brentford
134,684,Ethan Brierley,45,MID,Brentford,Bournemouth,2023-09-02T14:00:00Z,True,Brentford
135,122,Simon Adingra,50,MID,Brighton,Newcastle,2023-09-02T16:30:00Z,True,Brighton
136,123,Steven Alzate,44,MID,Brighton,Newcastle,2023-09-02T16:30:00Z,True,Brighton
137,124,Yasin Ayari,45,MID,Brighton,Newcastle,2023-09-02T16:30:00Z,True,Brighton
138,125,Facundo Buonanotte,49,MID,Brighton,Newcastle,2023-09-02T16:30:00Z,True,Brighton
139,127,Aaron Connolly,45,FWD,Brighton,Newcastle,2023-09-02T16:30:00Z,True,Brighton
140,128,Mahmoud Dahoud,49,MID,Brighton,Newcastle,2023-09-02T16:30:00Z,True,Brighton
141,129,Lewis Dunk,50,DEF,Brighton,Newcastle,2023-09-02T16:30:00Z,True,Brighton
142,130,Julio Enciso,54,MID,Brighton,Newcastle,2023-09-02T16:30:00Z,True,Brighton
143,131,Pervis Estupiñán,53,DEF,Brighton,Newcastle,2023-09-02T16:30:00Z,True,Brighton
144,132,Evan Ferguson,59,FWD,Brighton,Newcastle,2023-09-02T16:30:00Z,True,Brighton
145,133,Billy Gilmour,50,MID,Brighton,Newcastle,2023-09-02T16:30:00Z,True,Brighton
146,134,Pascal Groß,64,MID,Brighton,Newcastle,2023-09-02T16:30:00Z,True,Brighton
147,135,João Pedro Junqueira de Jesus,55,FWD,Brighton,Newcastle,2023-09-02T16:30:00Z,True,Brighton
148,136,Michał Karbownik,40,DEF,Brighton,Newcastle,2023-09-02T16:30:00Z,True,Brighton
149,137,Kacper Kozłowski,45,MID,Brighton,Newcastle,2023-09-02T16:30:00Z,True,Brighton
150,138,Adam Lallana,49,MID,Brighton,Newcastle,2023-09-02T16:30:00Z,True,Brighton
151,139,Tariq Lamptey,39,DEF,Brighton,Newcastle,2023-09-02T16:30:00Z,True,Brighton
152,140,Solly March,66,MID,Brighton,Newcastle,2023-09-02T16:30:00Z,True,Brighton
153,141,Tom McGill,40,GKP,Brighton,Newcastle,2023-09-02T16:30:00Z,True,Brighton
154,142,James Milner,50,MID,Brighton,Newcastle,2023-09-02T16:30:00Z,True,Brighton
155,143,Kaoru Mitoma,66,MID,Brighton,Newcastle,2023-09-02T16:30:00Z,True,Brighton
156,144,Jakub Moder,44,MID,Brighton,Newcastle,2023-09-02T16:30:00Z,True,Brighton
157,146,Jeremy Sarmiento Morante,45,MID,Brighton,Newcastle,2023-09-02T16:30:00Z,True,Brighton
158,147,Kjell Scherpen,40,GKP,Brighton,Newcastle,2023-09-02T16:30:00Z,True,Brighton
159,148,Jason Steele,45,GKP,Brighton,Newcastle,2023-09-02T16:30:00Z,True,Brighton
160,149,Deniz Undav,55,FWD,Brighton,Newcastle,2023-09-02T16:30:00Z,True,Brighton
161,150,Jan Paul van Hecke,40,DEF,Brighton,Newcastle,2023-09-02T16:30:00Z,True,Brighton
162,151,Joël Veltman,44,DEF,Brighton,Newcastle,2023-09-02T16:30:00Z,True,Brighton
163,152,Bart Verbruggen,44,GKP,Brighton,Newcastle,2023-09-02T16:30:00Z,True,Brighton
164,153,Adam Webster,44,DEF,Brighton,Newcastle,2023-09-02T16:30:00Z,True,Brighton
165,154,Danny Welbeck,59,FWD,Brighton,Newcastle,2023-09-02T16:30:00Z,True,Brighton
166,155,Andi Zeqiri,45,FWD,Brighton,Newcastle,2023-09-02T16:30:00Z,True,Brighton
167,606,Igor Julio dos Santos de Paulo,44,DEF,Brighton,Newcastle,2023-09-02T16:30:00Z,True,Brighton
168,621,Jack Hinshelwood,45,MID,Brighton,Newcastle,2023-09-02T16:30:00Z,True,Brighton
169,156,Enock Agyei,45,MID,Burnley,Spurs,2023-09-02T14:00:00Z,True,Burnley
170,157,Ameen Al-Dakhil,40,DEF,Burnley,Spurs,2023-09-02T14:00:00Z,True,Burnley
171,158,Samuel Bastien,49,MID,Burnley,Spurs,2023-09-02T14:00:00Z,True,Burnley
172,159,Manuel Benson Hedilazio,54,MID,Burnley,Spurs,2023-09-02T14:00:00Z,True,Burnley
173,160,Jordan Beyer,40,DEF,Burnley,Spurs,2023-09-02T14:00:00Z,True,Burnley
174,161,Josh Brownhill,49,MID,Burnley,Spurs,2023-09-02T14:00:00Z,True,Burnley
175,162,Darko Churlinov,44,MID,Burnley,Spurs,2023-09-02T14:00:00Z,True,Burnley
176,163,Jack Cork,49,MID,Burnley,Spurs,2023-09-02T14:00:00Z,True,Burnley
177,164,Dara Costelloe,45,MID,Burnley,Spurs,2023-09-02T14:00:00Z,True,Burnley
178,165,Josh Cullen,50,MID,Burnley,Spurs,2023-09-02T14:00:00Z,True,Burnley
179,166,CJ Egan-Riley,40,DEF,Burnley,Spurs,2023-09-02T14:00:00Z,True,Burnley
180,167,Hjalmar Ekdal,40,DEF,Burnley,Spurs,2023-09-02T14:00:00Z,True,Burnley
181,168,Lyle Foster,50,FWD,Burnley,Spurs,2023-09-02T14:00:00Z,True,Burnley
182,169,Denis Franchi,40,GKP,Burnley,Spurs,2023-09-02T14:00:00Z,True,Burnley
183,170,Jóhann Berg Gudmundsson,49,MID,Burnley,Spurs,2023-09-02T14:00:00Z,True,Burnley
184,171,Luke McNally,40,DEF,Burnley,Spurs,2023-09-02T14:00:00Z,True,Burnley
185,172,Arijanet Muric,44,GKP,Burnley,Spurs,2023-09-02T14:00:00Z,True,Burnley
186,173,Dara O'Shea,45,DEF,Burnley,Spurs,2023-09-02T14:00:00Z,True,Burnley
187,174,Michael Obafemi,50,FWD,Burnley,Spurs,2023-09-02T14:00:00Z,True,Burnley
188,175,Bailey Peacock-Farrell,40,GKP,Burnley,Spurs,2023-09-02T14:00:00Z,True,Burnley
189,176,Connor Roberts,45,DEF,Burnley,Spurs,2023-09-02T14:00:00Z,True,Burnley
190,177,Jay Rodriguez,54,FWD,Burnley,Spurs,2023-09-02T14:00:00Z,True,Burnley
191,178,Charlie Taylor,40,DEF,Burnley,Spurs,2023-09-02T14:00:00Z,True,Burnley
192,179,Bobby Thomas,40,DEF,Burnley,Spurs,2023-09-02T14:00:00Z,True,Burnley
193,180,Scott Twine,49,MID,Burnley,Spurs,2023-09-02T14:00:00Z,True,Burnley
194,181,Lawrence Vigouroux,40,GKP,Burnley,Spurs,2023-09-02T14:00:00Z,True,Burnley
195,182,Victor da Silva,45,DEF,Burnley,Spurs,2023-09-02T14:00:00Z,True,Burnley
196,183,Wout Weghorst,55,FWD,Burnley,Spurs,2023-09-02T14:00:00Z,True,Burnley
197,184,Anass Zaroury,49,MID,Burnley,Spurs,2023-09-02T14:00:00Z,True,Burnley
198,475,Sander Berge,50,MID,Burnley,Spurs,2023-09-02T14:00:00Z,True,Burnley
199,594,Zeki Amdouni,55,FWD,Burnley,Spurs,2023-09-02T14:00:00Z,True,Burnley
200,596,James Trafford,45,GKP,Burnley,Spurs,2023-09-02T14:00:00Z,True,Burnley
201,600,Nathan Redmond,49,MID,Burnley,Spurs,2023-09-02T14:00:00Z,True,Burnley
202,605,Luca Koleosho,50,MID,Burnley,Spurs,2023-09-02T14:00:00Z,True,Burnley
203,608,Jacob Bruun Larsen,50,MID,Burnley,Spurs,2023-09-02T14:00:00Z,True,Burnley
204,622,Owen Dodgson,40,DEF,Burnley,Spurs,2023-09-02T14:00:00Z,True,Burnley
205,660,Wilson Odobert,50,MID,Burnley,Spurs,2023-09-02T14:00:00Z,True,Burnley
206,674,Hannes Delcroix,40,DEF,Burnley,Spurs,2023-09-02T14:00:00Z,True,Burnley
207,675,Aaron Ramsey,50,MID,Burnley,Spurs,2023-09-02T14:00:00Z,True,Burnley
208,126,Moisés Caicedo Corozo,50,MID,Chelsea,Nott'm Forest,2023-09-02T14:00:00Z,True,Chelsea
209,145,Robert Sánchez,45,GKP,Chelsea,Nott'm Forest,2023-09-02T14:00:00Z,True,Chelsea
210,185,Ethan Ampadu,40,DEF,Chelsea,Nott'm Forest,2023-09-02T14:00:00Z,True,Chelsea
211,187,Kepa Arrizabalaga,50,GKP,Chelsea,Nott'm Forest,2023-09-02T14:00:00Z,True,Chelsea
212,188,Pierre-Emerick Aubameyang,65,FWD,Chelsea,Nott'm Forest,2023-09-02T14:00:00Z,True,Chelsea
213,189,César Azpilicueta,45,DEF,Chelsea,Nott'm Forest,2023-09-02T14:00:00Z,True,Chelsea
214,190,Abdul Rahman Baba,40,DEF,Chelsea,Nott'm Forest,2023-09-02T14:00:00Z,True,Chelsea
215,191,Benoît Badiashile,44,DEF,Chelsea,Nott'm Forest,2023-09-02T14:00:00Z,True,Chelsea
216,192,Marcus Bettinelli,40,GKP,Chelsea,Nott'm Forest,2023-09-02T14:00:00Z,True,Chelsea
217,193,Armando Broja,49,FWD,Chelsea,Nott'm Forest,2023-09-02T14:00:00Z,True,Chelsea
218,194,Trevoh Chalobah,44,DEF,Chelsea,Nott'm Forest,2023-09-02T14:00:00Z,True,Chelsea
219,195,Ben Chilwell,58,DEF,Chelsea,Nott'm Forest,2023-09-02T14:00:00Z,True,Chelsea
220,196,Carney Chukwuemeka,45,MID,Chelsea,Nott'm Forest,2023-09-02T14:00:00Z,True,Chelsea
221,197,Levi Colwill,45,DEF,Chelsea,Nott'm Forest,2023-09-02T14:00:00Z,True,Chelsea
222,198,Marc Cucurella Saseta,49,DEF,Chelsea,Nott'm Forest,2023-09-02T14:00:00Z,True,Chelsea
223,199,Enzo Fernández,50,MID,Chelsea,Nott'm Forest,2023-09-02T14:00:00Z,True,Chelsea
224,200,David Datro Fofana,50,FWD,Chelsea,Nott'm Forest,2023-09-02T14:00:00Z,True,Chelsea
225,201,Wesley Fofana,44,DEF,Chelsea,Nott'm Forest,2023-09-02T14:00:00Z,True,Chelsea
226,202,Conor Gallagher,55,MID,Chelsea,Nott'm Forest,2023-09-02T14:00:00Z,True,Chelsea
227,203,Malo Gusto,41,DEF,Chelsea,Nott'm Forest,2023-09-02T14:00:00Z,True,Chelsea
228,205,Callum Hudson-Odoi,49,MID,Chelsea,Nott'm Forest,2023-09-02T14:00:00Z,True,Chelsea
229,206,Reece James,54,DEF,Chelsea,Nott'm Forest,2023-09-02T14:00:00Z,True,Chelsea
230,207,Romelu Lukaku Bolingoli,69,FWD,Chelsea,Nott'm Forest,2023-09-02T14:00:00Z,True,Chelsea
231,208,Noni Madueke,54,MID,Chelsea,Nott'm Forest,2023-09-02T14:00:00Z,True,Chelsea
232,210,Mykhailo Mudryk,64,MID,Chelsea,Nott'm Forest,2023-09-02T14:00:00Z,True,Chelsea
233,211,Nicolas Jackson,71,FWD,Chelsea,Nott'm Forest,2023-09-02T14:00:00Z,True,Chelsea
234,212,Christopher Nkunku,74,FWD,Chelsea,Nott'm Forest,2023-09-02T14:00:00Z,True,Chelsea
235,213,Christian Pulisic,55,MID,Chelsea,Nott'm Forest,2023-09-02T14:00:00Z,True,Chelsea
236,214,Malang Sarr,45,DEF,Chelsea,Nott'm Forest,2023-09-02T14:00:00Z,True,Chelsea
237,215,Gabriel Słonina,40,GKP,Chelsea,Nott'm Forest,2023-09-02T14:00:00Z,True,Chelsea
238,216,Raheem Sterling,71,MID,Chelsea,Nott'm Forest,2023-09-02T14:00:00Z,True,Chelsea
239,217,Thiago Emiliano da Silva,50,DEF,Chelsea,Nott'm Forest,2023-09-02T14:00:00Z,True,Chelsea
240,218,Hakim Ziyech,54,MID,Chelsea,Nott'm Forest,2023-09-02T14:00:00Z,True,Chelsea
241,589,Ângelo Gabriel Borges Damaceno,50,MID,Chelsea,Nott'm Forest,2023-09-02T14:00:00Z,True,Chelsea
242,609,Ian Maatsen,53,MID,Chelsea,Nott'm Forest,2023-09-02T14:00:00Z,True,Chelsea
243,611,Axel Disasi,51,DEF,Chelsea,Nott'm Forest,2023-09-02T14:00:00Z,True,Chelsea
244,613,Lesley Ugochukwu,45,MID,Chelsea,Nott'm Forest,2023-09-02T14:00:00Z,True,Chelsea
245,623,Mason Burstow,45,FWD,Chelsea,Nott'm Forest,2023-09-02T14:00:00Z,True,Chelsea
246,659,Lucas Bergström,40,GKP,Chelsea,Nott'm Forest,2023-09-02T14:00:00Z,True,Chelsea
247,667,Roméo Lavia,50,MID,Chelsea,Nott'm Forest,2023-09-02T14:00:00Z,True,Chelsea
248,671,Bashir Humphreys,40,DEF,Chelsea,Nott'm Forest,2023-09-02T14:00:00Z,True,Chelsea
249,677,Deivid Washington de Souza Eugênio,45,FWD,Chelsea,Nott'm Forest,2023-09-02T14:00:00Z,True,Chelsea
250,680,Eddie Beach,40,GKP,Chelsea,Nott'm Forest,2023-09-02T14:00:00Z,True,Chelsea
251,681,Diego Manuel Jadon da Silva Moreira,45,MID,Chelsea,Nott'm Forest,2023-09-02T14:00:00Z,True,Chelsea
252,219,Naouirou Ahamada,45,MID,Crystal Palace,Wolves,2023-09-03T13:00:00Z,True,Crystal Palace
253,220,Joachim Andersen,46,DEF,Crystal Palace,Wolves,2023-09-03T13:00:00Z,True,Crystal Palace
254,221,Jordan Ayew,55,MID,Crystal Palace,Wolves,2023-09-03T13:00:00Z,True,Crystal Palace
255,222,Nathaniel Clyne,44,DEF,Crystal Palace,Wolves,2023-09-03T13:00:00Z,True,Crystal Palace
256,223,Cheick Doucouré,50,MID,Crystal Palace,Wolves,2023-09-03T13:00:00Z,True,Crystal Palace
257,224,Malcolm Ebiowei,45,MID,Crystal Palace,Wolves,2023-09-03T13:00:00Z,True,Crystal Palace
258,225,Odsonne Edouard,55,FWD,Crystal Palace,Wolves,2023-09-03T13:00:00Z,True,Crystal Palace
259,226,Eberechi Eze,64,MID,Crystal Palace,Wolves,2023-09-03T13:00:00Z,True,Crystal Palace
260,227,Vicente Guaita,44,GKP,Crystal Palace,Wolves,2023-09-03T13:00:00Z,True,Crystal Palace
261,228,Marc Guéhi,45,DEF,Crystal Palace,Wolves,2023-09-03T13:00:00Z,True,Crystal Palace
262,229,Will Hughes,49,MID,Crystal Palace,Wolves,2023-09-03T13:00:00Z,True,Crystal Palace
263,230,Sam Johnstone,45,GKP,Crystal Palace,Wolves,2023-09-03T13:00:00Z,True,Crystal Palace
264,231,Jefferson Lerma Solís,49,MID,Crystal Palace,Wolves,2023-09-03T13:00:00Z,True,Crystal Palace
265,232,Jean-Philippe Mateta,49,FWD,Crystal Palace,Wolves,2023-09-03T13:00:00Z,True,Crystal Palace
266,233,Remi Matthews,40,GKP,Crystal Palace,Wolves,2023-09-03T13:00:00Z,True,Crystal Palace
267,234,Tyrick Mitchell,45,DEF,Crystal Palace,Wolves,2023-09-03T13:00:00Z,True,Crystal Palace
268,235,Jake O'Brien,40,DEF,Crystal Palace,Wolves,2023-09-03T13:00:00Z,True,Crystal Palace
269,236,Michael Olise,59,MID,Crystal Palace,Wolves,2023-09-03T13:00:00Z,True,Crystal Palace
270,237,Luke Plange,45,FWD,Crystal Palace,Wolves,2023-09-03T13:00:00Z,True,Crystal Palace
271,238,Chris Richards,40,DEF,Crystal Palace,Wolves,2023-09-03T13:00:00Z,True,Crystal Palace
272,239,Jairo Riedewald,44,MID,Crystal Palace,Wolves,2023-09-03T13:00:00Z,True,Crystal Palace
273,240,Jeffrey Schlupp,50,MID,Crystal Palace,Wolves,2023-09-03T13:00:00Z,True,Crystal Palace
274,241,James Tomkins,40,DEF,Crystal Palace,Wolves,2023-09-03T13:00:00Z,True,Crystal Palace
275,242,Joel Ward,45,DEF,Crystal Palace,Wolves,2023-09-03T13:00:00Z,True,Crystal Palace
276,243,Joe Whitworth,40,GKP,Crystal Palace,Wolves,2023-09-03T13:00:00Z,True,Crystal Palace
277,615,Matheus França de Oliveira,50,MID,Crystal Palace,Wolves,2023-09-03T13:00:00Z,True,Crystal Palace
278,657,Jesurun Rak-Sakyi,45,MID,Crystal Palace,Wolves,2023-09-03T13:00:00Z,True,Crystal Palace
279,658,John-Kymani Gordon,45,FWD,Crystal Palace,Wolves,2023-09-03T13:00:00Z,True,Crystal Palace
280,244,André Tavares Gomes,44,MID,Sheffield Utd,Everton,2023-09-02T11:30:00Z,False,Everton
281,245,Jarrad Branthwaite,40,DEF,Sheffield Utd,Everton,2023-09-02T11:30:00Z,False,Everton
282,246,Dominic Calvert-Lewin,58,FWD,Sheffield Utd,Everton,2023-09-02T11:30:00Z,False,Everton
283,247,Seamus Coleman,44,DEF,Sheffield Utd,Everton,2023-09-02T11:30:00Z,False,Everton
284,248,Dele Alli,49,MID,Sheffield Utd,Everton,2023-09-02T11:30:00Z,False,Everton
285,249,Abdoulaye Doucouré,55,MID,Sheffield Utd,Everton,2023-09-02T11:30:00Z,False,Everton
286,250,James Garner,50,MID,Sheffield Utd,Everton,2023-09-02T11:30:00Z,False,Everton
287,251,Jean-Philippe Gbamin,44,MID,Sheffield Utd,Everton,2023-09-02T11:30:00Z,False,Everton
288,252,Ben Godfrey,44,DEF,Sheffield Utd,Everton,2023-09-02T11:30:00Z,False,Everton
289,253,Demarai Gray,54,MID,Sheffield Utd,Everton,2023-09-02T11:30:00Z,False,Everton
290,254,Idrissa Gueye,49,MID,Sheffield Utd,Everton,2023-09-02T11:30:00Z,False,Everton
291,255,Mason Holgate,40,DEF,Sheffield Utd,Everton,2023-09-02T11:30:00Z,False,Everton
292,256,Alex Iwobi,54,MID,Sheffield Utd,Everton,2023-09-02T11:30:00Z,False,Everton
293,257,Michael Keane,45,DEF,Sheffield Utd,Everton,2023-09-02T11:30:00Z,False,Everton
294,258,Neal Maupay,50,FWD,Sheffield Utd,Everton,2023-09-02T11:30:00Z,False,Everton
295,259,Dwight McNeil,54,MID,Sheffield Utd,Everton,2023-09-02T11:30:00Z,False,Everton
296,260,Vitalii Mykolenko,44,DEF,Sheffield Utd,Everton,2023-09-02T11:30:00Z,False,Everton
297,261,Amadou Onana,49,MID,Sheffield Utd,Everton,2023-09-02T11:30:00Z,False,Everton
298,262,Nathan Patterson,45,DEF,Sheffield Utd,Everton,2023-09-02T11:30:00Z,False,Everton
299,263,Jordan Pickford,45,GKP,Sheffield Utd,Everton,2023-09-02T11:30:00Z,False,Everton
300,264,Ellis Simms,45,FWD,Sheffield Utd,Everton,2023-09-02T11:30:00Z,False,Everton
301,265,James Tarkowski,45,DEF,Sheffield Utd,Everton,2023-09-02T11:30:00Z,False,Everton
302,266,João Neves Virgínia,40,GKP,Sheffield Utd,Everton,2023-09-02T11:30:00Z,False,Everton
303,579,Andy Lonergan,40,GKP,Sheffield Utd,Everton,2023-09-02T11:30:00Z,False,Everton
304,588,Ashley Young,45,DEF,Sheffield Utd,Everton,2023-09-02T11:30:00Z,False,Everton
305,601,Arnaut Danjuma Groeneveld,55,MID,Sheffield Utd,Everton,2023-09-02T11:30:00Z,False,Everton
306,624,Lewis Dobbin,45,MID,Sheffield Utd,Everton,2023-09-02T11:30:00Z,False,Everton
307,645,Youssef Ramalho Chermiti,50,FWD,Sheffield Utd,Everton,2023-09-02T11:30:00Z,False,Everton
308,649,Thomas Cannon,45,FWD,Sheffield Utd,Everton,2023-09-02T11:30:00Z,False,Everton
309,650,Tyler Onyango,45,MID,Sheffield Utd,Everton,2023-09-02T11:30:00Z,False,Everton
310,661,Jack Harrison,55,MID,Sheffield Utd,Everton,2023-09-02T11:30:00Z,False,Everton
311,267,Andreas Hoelgebaum Pereira,55,MID,Man City,Fulham,2023-09-02T14:00:00Z,False,Fulham
312,268,Tom Cairney,50,MID,Man City,Fulham,2023-09-02T14:00:00Z,False,Fulham
313,269,Ivan Neves Abreu Cavaleiro,50,MID,Man City,Fulham,2023-09-02T14:00:00Z,False,Fulham
314,270,Bobby De Cordova-Reid,55,MID,Man City,Fulham,2023-09-02T14:00:00Z,False,Fulham
315,271,Issa Diop,45,DEF,Man City,Fulham,2023-09-02T14:00:00Z,False,Fulham
316,272,Tyrese Francois,44,MID,Man City,Fulham,2023-09-02T14:00:00Z,False,Fulham
317,273,Anthony Knockaert,44,MID,Man City,Fulham,2023-09-02T14:00:00Z,False,Fulham
318,274,Terence Kongolo,40,DEF,Man City,Fulham,2023-09-02T14:00:00Z,False,Fulham
319,275,Bernd Leno,45,GKP,Man City,Fulham,2023-09-02T14:00:00Z,False,Fulham
320,276,Saša Lukić,45,MID,Man City,Fulham,2023-09-02T14:00:00Z,False,Fulham
321,277,Kevin Mbabu,40,DEF,Man City,Fulham,2023-09-02T14:00:00Z,False,Fulham
322,278,Aleksandar Mitrović,74,FWD,Man City,Fulham,2023-09-02T14:00:00Z,False,Fulham
323,279,Rodrigo Muniz Carvalho,45,FWD,Man City,Fulham,2023-09-02T14:00:00Z,False,Fulham
324,280,João Palhinha Gonçalves,50,MID,Man City,Fulham,2023-09-02T14:00:00Z,False,Fulham
325,281,Tim Ream,45,DEF,Man City,Fulham,2023-09-02T14:00:00Z,False,Fulham
326,282,Harrison Reed,49,MID,Man City,Fulham,2023-09-02T14:00:00Z,False,Fulham
327,283,Antonee Robinson,45,DEF,Man City,Fulham,2023-09-02T14:00:00Z,False,Fulham
328,284,Marek Rodák,40,GKP,Man City,Fulham,2023-09-02T14:00:00Z,False,Fulham
329,285,Kenny Tete,45,DEF,Man City,Fulham,2023-09-02T14:00:00Z,False,Fulham
330,286,Tosin Adarabioyo,44,DEF,Man City,Fulham,2023-09-02T14:00:00Z,False,Fulham
331,287,Carlos Vinícius Alves Morais,49,FWD,Man City,Fulham,2023-09-02T14:00:00Z,False,Fulham
332,288,Harry Wilson,54,MID,Man City,Fulham,2023-09-02T14:00:00Z,False,Fulham
333,558,Raúl Jiménez,54,FWD,Man City,Fulham,2023-09-02T14:00:00Z,False,Fulham
334,591,Willian Borges da Silva,54,MID,Man City,Fulham,2023-09-02T14:00:00Z,False,Fulham
335,610,Calvin Bassey,45,DEF,Man City,Fulham,2023-09-02T14:00:00Z,False,Fulham
336,625,Luc De Fougerolles,40,DEF,Man City,Fulham,2023-09-02T14:00:00Z,False,Fulham
337,651,Jay Stansfield,45,FWD,Man City,Fulham,2023-09-02T14:00:00Z,False,Fulham
338,652,Matthew Dibley-Dias,45,MID,Man City,Fulham,2023-09-02T14:00:00Z,False,Fulham
339,662,Adama Traoré,50,MID,Man City,Fulham,2023-09-02T14:00:00Z,False,Fulham
340,683,Luke Harris,45,MID,Man City,Fulham,2023-09-02T14:00:00Z,False,Fulham
341,289,Adrián San Miguel del Castillo,40,GKP,Liverpool,Aston Villa,2023-09-03T13:00:00Z,True,Liverpool
342,290,Trent Alexander-Arnold,79,DEF,Liverpool,Aston Villa,2023-09-03T13:00:00Z,True,Liverpool
343,291,Alisson Ramses Becker,55,GKP,Liverpool,Aston Villa,2023-09-03T13:00:00Z,True,Liverpool
344,292,Stefan Bajcetic,49,MID,Liverpool,Aston Villa,2023-09-03T13:00:00Z,True,Liverpool
345,293,Darwin Núñez Ribeiro,73,FWD,Liverpool,Aston Villa,2023-09-03T13:00:00Z,True,Liverpool
346,294,Diogo Teixeira da Silva,80,MID,Liverpool,Aston Villa,2023-09-03T13:00:00Z,True,Liverpool
347,295,Harvey Elliott,49,MID,Liverpool,Aston Villa,2023-09-03T13:00:00Z,True,Liverpool
348,296,Fabio Henrique Tavares,50,MID,Liverpool,Aston Villa,2023-09-03T13:00:00Z,True,Liverpool
349,297,Cody Gakpo,74,FWD,Liverpool,Aston Villa,2023-09-03T13:00:00Z,True,Liverpool
350,298,Joe Gomez,45,DEF,Liverpool,Aston Villa,2023-09-03T13:00:00Z,True,Liverpool
351,299,Jordan Henderson,50,MID,Liverpool,Aston Villa,2023-09-03T13:00:00Z,True,Liverpool
352,300,Curtis Jones,49,MID,Liverpool,Aston Villa,2023-09-03T13:00:00Z,True,Liverpool
353,301,Caoimhin Kelleher,40,GKP,Liverpool,Aston Villa,2023-09-03T13:00:00Z,True,Liverpool
354,302,Ibrahima Konaté,50,DEF,Liverpool,Aston Villa,2023-09-03T13:00:00Z,True,Liverpool
355,303,Luis Díaz,77,MID,Liverpool,Aston Villa,2023-09-03T13:00:00Z,True,Liverpool
356,304,Alexis Mac Allister,60,MID,Liverpool,Aston Villa,2023-09-03T13:00:00Z,True,Liverpool
357,305,Joel Matip,49,DEF,Liverpool,Aston Villa,2023-09-03T13:00:00Z,True,Liverpool
358,306,Nathaniel Phillips,40,DEF,Liverpool,Aston Villa,2023-09-03T13:00:00Z,True,Liverpool
359,307,Andrew Robertson,65,DEF,Liverpool,Aston Villa,2023-09-03T13:00:00Z,True,Liverpool
360,308,Mohamed Salah,125,MID,Liverpool,Aston Villa,2023-09-03T13:00:00Z,True,Liverpool
361,309,Dominik Szoboszlai,70,MID,Liverpool,Aston Villa,2023-09-03T13:00:00Z,True,Liverpool
362,310,Thiago Alcántara do Nascimento,49,MID,Liverpool,Aston Villa,2023-09-03T13:00:00Z,True,Liverpool
363,311,Konstantinos Tsimikas,44,DEF,Liverpool,Aston Villa,2023-09-03T13:00:00Z,True,Liverpool
364,312,Sepp van den Berg,40,DEF,Liverpool,Aston Villa,2023-09-03T13:00:00Z,True,Liverpool
365,313,Virgil van Dijk,60,DEF,Liverpool,Aston Villa,2023-09-03T13:00:00Z,True,Liverpool
366,626,Jarell Quansah,40,DEF,Liverpool,Aston Villa,2023-09-03T13:00:00Z,True,Liverpool
367,627,Bobby Clark,45,MID,Liverpool,Aston Villa,2023-09-03T13:00:00Z,True,Liverpool
368,628,Ben Doak,45,MID,Liverpool,Aston Villa,2023-09-03T13:00:00Z,True,Liverpool
369,629,James McConnell,45,MID,Liverpool,Aston Villa,2023-09-03T13:00:00Z,True,Liverpool
370,668,Wataru Endo,55,MID,Liverpool,Aston Villa,2023-09-03T13:00:00Z,True,Liverpool
371,52,Marvelous Nakamba,45,MID,Luton,West Ham,2023-09-01T19:00:00Z,True,Luton
372,314,Elijah Adebayo,50,FWD,Luton,West Ham,2023-09-01T19:00:00Z,True,Luton
373,315,Mads Juel Andersen,40,DEF,Luton,West Ham,2023-09-01T19:00:00Z,True,Luton
374,316,Amari'i Bell,40,DEF,Luton,West Ham,2023-09-01T19:00:00Z,True,Luton
375,317,Luke Berry,49,MID,Luton,West Ham,2023-09-01T19:00:00Z,True,Luton
376,318,Reece Burke,40,DEF,Luton,West Ham,2023-09-01T19:00:00Z,True,Luton
377,319,Allan Campbell,49,MID,Luton,West Ham,2023-09-01T19:00:00Z,True,Luton
378,320,Jordan Clark,49,MID,Luton,West Ham,2023-09-01T19:00:00Z,True,Luton
379,321,Alfie Doughty,44,DEF,Luton,West Ham,2023-09-01T19:00:00Z,True,Luton
380,322,Luke Freeman,49,MID,Luton,West Ham,2023-09-01T19:00:00Z,True,Luton
381,323,Matt Macey,40,GKP,Luton,West Ham,2023-09-01T19:00:00Z,True,Luton
382,324,John McAtee,45,FWD,Luton,West Ham,2023-09-01T19:00:00Z,True,Luton
383,325,Carlos Mendes Gomes,45,MID,Luton,West Ham,2023-09-01T19:00:00Z,True,Luton
384,326,Carlton Morris,55,FWD,Luton,West Ham,2023-09-01T19:00:00Z,True,Luton
385,327,Admiral Muskwe,45,FWD,Luton,West Ham,2023-09-01T19:00:00Z,True,Luton
386,328,Chiedozie Ogbene,49,FWD,Luton,West Ham,2023-09-01T19:00:00Z,True,Luton
387,329,Fred Onyedinma,50,MID,Luton,West Ham,2023-09-01T19:00:00Z,True,Luton
388,330,Gabriel Osho,45,DEF,Luton,West Ham,2023-09-01T19:00:00Z,True,Luton
389,331,Aribim Pepple,45,FWD,Luton,West Ham,2023-09-01T19:00:00Z,True,Luton
390,332,Dion Pereira,44,MID,Luton,West Ham,2023-09-01T19:00:00Z,True,Luton
391,333,Dan Potts,40,DEF,Luton,West Ham,2023-09-01T19:00:00Z,True,Luton
392,334,Glen Rea,44,MID,Luton,West Ham,2023-09-01T19:00:00Z,True,Luton
393,335,James Shea,45,GKP,Luton,West Ham,2023-09-01T19:00:00Z,True,Luton
394,336,Joe Taylor,45,FWD,Luton,West Ham,2023-09-01T19:00:00Z,True,Luton
395,337,Elliot Thorpe,45,MID,Luton,West Ham,2023-09-01T19:00:00Z,True,Luton
396,338,Jack Walton,40,GKP,Luton,West Ham,2023-09-01T19:00:00Z,True,Luton
397,339,Louie Watson,44,MID,Luton,West Ham,2023-09-01T19:00:00Z,True,Luton
398,340,Cauley Woodrow,45,FWD,Luton,West Ham,2023-09-01T19:00:00Z,True,Luton
399,553,Ryan Giles,45,DEF,Luton,West Ham,2023-09-01T19:00:00Z,True,Luton
400,575,Tom Lockyer,45,DEF,Luton,West Ham,2023-09-01T19:00:00Z,True,Luton
401,582,Pelly Ruddock Mpanzu,50,MID,Luton,West Ham,2023-09-01T19:00:00Z,True,Luton
402,586,Tahith Chong,50,MID,Luton,West Ham,2023-09-01T19:00:00Z,True,Luton
403,602,Issa Kaboré,40,DEF,Luton,West Ham,2023-09-01T19:00:00Z,True,Luton
404,614,Thomas Kaminski,45,GKP,Luton,West Ham,2023-09-01T19:00:00Z,True,Luton
405,630,Ross Barkley,50,MID,Luton,West Ham,2023-09-01T19:00:00Z,True,Luton
406,631,Jacob Brown,50,FWD,Luton,West Ham,2023-09-01T19:00:00Z,True,Luton
407,648,Aidan Francis-Clarke,40,DEF,Luton,West Ham,2023-09-01T19:00:00Z,True,Luton
408,665,Tim Krul,45,GKP,Luton,West Ham,2023-09-01T19:00:00Z,True,Luton
409,682,Joseph Johnson,40,DEF,Luton,West Ham,2023-09-01T19:00:00Z,True,Luton
410,341,Manuel Akanji,51,DEF,Man City,Fulham,2023-09-02T14:00:00Z,True,Man City
411,342,Nathan Aké,51,DEF,Man City,Fulham,2023-09-02T14:00:00Z,True,Man City
412,343,Julián Álvarez,66,FWD,Man City,Fulham,2023-09-02T14:00:00Z,True,Man City
413,344,Bernardo Veiga de Carvalho e Silva,64,MID,Man City,Fulham,2023-09-02T14:00:00Z,True,Man City
414,345,Oscar Bobb,44,MID,Man City,Fulham,2023-09-02T14:00:00Z,True,Man City
415,346,João Cancelo,58,DEF,Man City,Fulham,2023-09-02T14:00:00Z,True,Man City
416,347,Scott Carson,40,GKP,Man City,Fulham,2023-09-02T14:00:00Z,True,Man City
417,348,Shea Charles,45,MID,Man City,Fulham,2023-09-02T14:00:00Z,True,Man City
418,349,Kevin De Bruyne,103,MID,Man City,Fulham,2023-09-02T14:00:00Z,True,Man City
419,350,Rúben Gato Alves Dias,55,DEF,Man City,Fulham,2023-09-02T14:00:00Z,True,Man City
420,351,Tommy Doyle,44,MID,Man City,Fulham,2023-09-02T14:00:00Z,True,Man City
421,352,Ederson Santana de Moraes,56,GKP,Man City,Fulham,2023-09-02T14:00:00Z,True,Man City
422,353,Phil Foden,76,MID,Man City,Fulham,2023-09-02T14:00:00Z,True,Man City
423,354,Jack Grealish,74,MID,Man City,Fulham,2023-09-02T14:00:00Z,True,Man City
424,355,Erling Haaland,140,FWD,Man City,Fulham,2023-09-02T14:00:00Z,True,Man City
425,356,Mateo Kovačić,50,MID,Man City,Fulham,2023-09-02T14:00:00Z,True,Man City
426,357,Aymeric Laporte,49,DEF,Man City,Fulham,2023-09-02T14:00:00Z,True,Man City
427,358,Rico Lewis,45,DEF,Man City,Fulham,2023-09-02T14:00:00Z,True,Man City
428,359,Riyad Mahrez,75,MID,Man City,Fulham,2023-09-02T14:00:00Z,True,Man City
429,360,James McAtee,45,MID,Man City,Fulham,2023-09-02T14:00:00Z,True,Man City
430,361,Stefan Ortega Moreno,40,GKP,Man City,Fulham,2023-09-02T14:00:00Z,True,Man City
431,362,Cole Palmer,50,MID,Man City,Fulham,2023-09-02T14:00:00Z,True,Man City
432,363,Máximo Perrone,44,MID,Man City,Fulham,2023-09-02T14:00:00Z,True,Man City
433,364,Kalvin Phillips,49,MID,Man City,Fulham,2023-09-02T14:00:00Z,True,Man City
434,365,Rodrigo Hernandez,57,MID,Man City,Fulham,2023-09-02T14:00:00Z,True,Man City
435,366,Sergio Gómez,40,DEF,Man City,Fulham,2023-09-02T14:00:00Z,True,Man City
436,367,Zack Steffen,40,GKP,Man City,Fulham,2023-09-02T14:00:00Z,True,Man City
437,368,John Stones,53,DEF,Man City,Fulham,2023-09-02T14:00:00Z,True,Man City
438,369,Kyle Walker,51,DEF,Man City,Fulham,2023-09-02T14:00:00Z,True,Man City
439,616,Joško Gvardiol,51,DEF,Man City,Fulham,2023-09-02T14:00:00Z,True,Man City
440,678,Jérémy Doku,65,MID,Man City,Fulham,2023-09-02T14:00:00Z,True,Man City
441,209,Mason Mount,69,MID,Arsenal,Man Utd,2023-09-03T15:30:00Z,False,Man Utd
442,370,Alex Telles,45,DEF,Arsenal,Man Utd,2023-09-03T15:30:00Z,False,Man Utd
443,371,Amad Diallo,45,MID,Arsenal,Man Utd,2023-09-03T15:30:00Z,False,Man Utd
444,372,Antony Matheus dos Santos,69,MID,Arsenal,Man Utd,2023-09-03T15:30:00Z,False,Man Utd
445,373,Bruno Borges Fernandes,85,MID,Arsenal,Man Utd,2023-09-03T15:30:00Z,False,Man Utd
446,374,Brandon Williams,40,DEF,Arsenal,Man Utd,2023-09-03T15:30:00Z,False,Man Utd
447,375,Eric Bailly,40,DEF,Arsenal,Man Utd,2023-09-03T15:30:00Z,False,Man Utd
448,376,Carlos Henrique Casimiro,54,MID,Arsenal,Man Utd,2023-09-03T15:30:00Z,False,Man Utd
449,377,Diogo Dalot Teixeira,49,DEF,Arsenal,Man Utd,2023-09-03T15:30:00Z,False,Man Utd
450,379,Christian Eriksen,59,MID,Arsenal,Man Utd,2023-09-03T15:30:00Z,False,Man Utd
451,380,Álvaro Fernández Carreras,40,DEF,Arsenal,Man Utd,2023-09-03T15:30:00Z,False,Man Utd
452,381,Frederico Rodrigues de Paula Santos,50,MID,Arsenal,Man Utd,2023-09-03T15:30:00Z,False,Man Utd
453,382,Alejandro Garnacho,49,MID,Arsenal,Man Utd,2023-09-03T15:30:00Z,False,Man Utd
454,383,Hannibal Mejbri,44,MID,Arsenal,Man Utd,2023-09-03T15:30:00Z,False,Man Utd
455,384,Tom Heaton,40,GKP,Arsenal,Man Utd,2023-09-03T15:30:00Z,False,Man Utd
456,385,Dean Henderson,45,GKP,Arsenal,Man Utd,2023-09-03T15:30:00Z,False,Man Utd
457,386,Victor Lindelöf,45,DEF,Arsenal,Man Utd,2023-09-03T15:30:00Z,False,Man Utd
458,387,Harry Maguire,44,DEF,Arsenal,Man Utd,2023-09-03T15:30:00Z,False,Man Utd
459,388,Kobbie Mainoo,44,MID,Arsenal,Man Utd,2023-09-03T15:30:00Z,False,Man Utd
460,389,Tyrell Malacia,44,DEF,Arsenal,Man Utd,2023-09-03T15:30:00Z,False,Man Utd
461,390,Anthony Martial,65,FWD,Arsenal,Man Utd,2023-09-03T15:30:00Z,False,Man Utd
462,391,Lisandro Martínez,49,DEF,Arsenal,Man Utd,2023-09-03T15:30:00Z,False,Man Utd
463,392,Scott McTominay,49,MID,Arsenal,Man Utd,2023-09-03T15:30:00Z,False,Man Utd
464,393,Teden Mengi,40,DEF,Arsenal,Man Utd,2023-09-03T15:30:00Z,False,Man Utd
465,394,Facundo Pellistri Rebollo,45,MID,Arsenal,Man Utd,2023-09-03T15:30:00Z,False,Man Utd
466,395,Raphaël Varane,51,DEF,Arsenal,Man Utd,2023-09-03T15:30:00Z,False,Man Utd
467,396,Marcus Rashford,90,MID,Arsenal,Man Utd,2023-09-03T15:30:00Z,False,Man Utd
468,397,Jadon Sancho,69,MID,Arsenal,Man Utd,2023-09-03T15:30:00Z,False,Man Utd
469,398,Luke Shaw,54,DEF,Arsenal,Man Utd,2023-09-03T15:30:00Z,False,Man Utd
470,399,Shola Shoretire,44,FWD,Arsenal,Man Utd,2023-09-03T15:30:00Z,False,Man Utd
471,400,Donny van de Beek,49,MID,Arsenal,Man Utd,2023-09-03T15:30:00Z,False,Man Utd
472,401,Aaron Wan-Bissaka,46,DEF,Arsenal,Man Utd,2023-09-03T15:30:00Z,False,Man Utd
473,597,André Onana,50,GKP,Arsenal,Man Utd,2023-09-03T15:30:00Z,False,Man Utd
474,617,Rasmus Højlund,70,FWD,Arsenal,Man Utd,2023-09-03T15:30:00Z,False,Man Utd
475,632,Omari Forson,45,MID,Arsenal,Man Utd,2023-09-03T15:30:00Z,False,Man Utd
476,669,Radek Vítek,40,GKP,Arsenal,Man Utd,2023-09-03T15:30:00Z,False,Man Utd
477,685,Daniel Gore,45,MID,Arsenal,Man Utd,2023-09-03T15:30:00Z,False,Man Utd
478,204,Lewis Hall,45,DEF,Brighton,Newcastle,2023-09-02T16:30:00Z,False,Newcastle
479,402,Miguel Almirón Rejala,64,MID,Brighton,Newcastle,2023-09-02T16:30:00Z,False,Newcastle
480,403,Elliot Anderson,44,MID,Brighton,Newcastle,2023-09-02T16:30:00Z,False,Newcastle
481,404,Harrison Ashby,40,DEF,Brighton,Newcastle,2023-09-02T16:30:00Z,False,Newcastle
482,405,Sven Botman,45,DEF,Brighton,Newcastle,2023-09-02T16:30:00Z,False,Newcastle
483,406,Bruno Guimarães Rodriguez Moura,59,MID,Brighton,Newcastle,2023-09-02T16:30:00Z,False,Newcastle
484,407,Dan Burn,45,DEF,Brighton,Newcastle,2023-09-02T16:30:00Z,False,Newcastle
485,408,Karl Darlow,40,GKP,Brighton,Newcastle,2023-09-02T16:30:00Z,False,Newcastle
486,409,Martin Dubravka,40,GKP,Brighton,Newcastle,2023-09-02T16:30:00Z,False,Newcastle
487,410,Ryan Fraser,49,MID,Brighton,Newcastle,2023-09-02T16:30:00Z,False,Newcastle
488,411,Mark Gillespie,40,GKP,Brighton,Newcastle,2023-09-02T16:30:00Z,False,Newcastle
489,412,Anthony Gordon,55,MID,Brighton,Newcastle,2023-09-02T16:30:00Z,False,Newcastle
490,413,Isaac Hayden,44,MID,Brighton,Newcastle,2023-09-02T16:30:00Z,False,Newcastle
491,414,Jeff Hendrick,44,MID,Brighton,Newcastle,2023-09-02T16:30:00Z,False,Newcastle
492,415,Alexander Isak,77,FWD,Brighton,Newcastle,2023-09-02T16:30:00Z,False,Newcastle
493,416,Joelinton Cássio Apolinário de Lira,59,MID,Brighton,Newcastle,2023-09-02T16:30:00Z,False,Newcastle
494,417,Emil Krafth,44,DEF,Brighton,Newcastle,2023-09-02T16:30:00Z,False,Newcastle
495,418,Garang Kuol,45,MID,Brighton,Newcastle,2023-09-02T16:30:00Z,False,Newcastle
496,419,Jamaal Lascelles,40,DEF,Brighton,Newcastle,2023-09-02T16:30:00Z,False,Newcastle
497,420,Jamal Lewis,40,DEF,Brighton,Newcastle,2023-09-02T16:30:00Z,False,Newcastle
498,421,Sean Longstaff,49,MID,Brighton,Newcastle,2023-09-02T16:30:00Z,False,Newcastle
499,422,Javier Manquillo Gaitán,40,DEF,Brighton,Newcastle,2023-09-02T16:30:00Z,False,Newcastle
500,423,Jacob Murphy,49,MID,Brighton,Newcastle,2023-09-02T16:30:00Z,False,Newcastle
501,424,Nick Pope,55,GKP,Brighton,Newcastle,2023-09-02T16:30:00Z,False,Newcastle
502,425,Matt Ritchie,44,MID,Brighton,Newcastle,2023-09-02T16:30:00Z,False,Newcastle
503,426,Allan Saint-Maximin,60,MID,Brighton,Newcastle,2023-09-02T16:30:00Z,False,Newcastle
504,427,Fabian Schär,50,DEF,Brighton,Newcastle,2023-09-02T16:30:00Z,False,Newcastle
505,428,Matt Targett,44,DEF,Brighton,Newcastle,2023-09-02T16:30:00Z,False,Newcastle
506,429,Sandro Tonali,55,MID,Brighton,Newcastle,2023-09-02T16:30:00Z,False,Newcastle
507,430,Kieran Trippier,65,DEF,Brighton,Newcastle,2023-09-02T16:30:00Z,False,Newcastle
508,431,Kell Watts,40,DEF,Brighton,Newcastle,2023-09-02T16:30:00Z,False,Newcastle
509,432,Joe Willock,54,MID,Brighton,Newcastle,2023-09-02T16:30:00Z,False,Newcastle
510,433,Callum Wilson,79,FWD,Brighton,Newcastle,2023-09-02T16:30:00Z,False,Newcastle
511,580,Loris Karius,40,GKP,Brighton,Newcastle,2023-09-02T16:30:00Z,False,Newcastle
512,581,Paul Dummett,40,DEF,Brighton,Newcastle,2023-09-02T16:30:00Z,False,Newcastle
513,603,Harvey Barnes,65,MID,Brighton,Newcastle,2023-09-02T16:30:00Z,False,Newcastle
514,633,Tino Livramento,45,DEF,Brighton,Newcastle,2023-09-02T16:30:00Z,False,Newcastle
515,634,Alex Murphy,40,DEF,Brighton,Newcastle,2023-09-02T16:30:00Z,False,Newcastle
516,635,Lewis Miley,45,MID,Brighton,Newcastle,2023-09-02T16:30:00Z,False,Newcastle
517,28,Matt Turner,40,GKP,Chelsea,Nott'm Forest,2023-09-02T14:00:00Z,False,Nott'm Forest
518,186,Andrey Nascimento dos Santos,44,MID,Chelsea,Nott'm Forest,2023-09-02T14:00:00Z,False,Nott'm Forest
519,378,Anthony Elanga,50,MID,Chelsea,Nott'm Forest,2023-09-02T14:00:00Z,False,Nott'm Forest
520,434,Brandon Aguilera Zamora,45,MID,Chelsea,Nott'm Forest,2023-09-02T14:00:00Z,False,Nott'm Forest
521,435,Harry Arter,44,MID,Chelsea,Nott'm Forest,2023-09-02T14:00:00Z,False,Nott'm Forest
522,436,Serge Aurier,45,DEF,Chelsea,Nott'm Forest,2023-09-02T14:00:00Z,False,Nott'm Forest
523,437,Taiwo Awoniyi,65,FWD,Chelsea,Nott'm Forest,2023-09-02T14:00:00Z,False,Nott'm Forest
524,438,Giulian Biancone,40,DEF,Chelsea,Nott'm Forest,2023-09-02T14:00:00Z,False,Nott'm Forest
525,439,Willy Boly,45,DEF,Chelsea,Nott'm Forest,2023-09-02T14:00:00Z,False,Nott'm Forest
526,440,Josh Bowler,45,MID,Chelsea,Nott'm Forest,2023-09-02T14:00:00Z,False,Nott'm Forest
527,441,Steve Cook,45,DEF,Chelsea,Nott'm Forest,2023-09-02T14:00:00Z,False,Nott'm Forest
528,442,Danilo dos Santos de Oliveira,54,MID,Chelsea,Nott'm Forest,2023-09-02T14:00:00Z,False,Nott'm Forest
529,443,Emmanuel Dennis,49,FWD,Chelsea,Nott'm Forest,2023-09-02T14:00:00Z,False,Nott'm Forest
530,444,Mohamed Dräger,40,DEF,Chelsea,Nott'm Forest,2023-09-02T14:00:00Z,False,Nott'm Forest
531,445,Felipe Augusto de Almeida Monteiro,44,DEF,Chelsea,Nott'm Forest,2023-09-02T14:00:00Z,False,Nott'm Forest
532,446,Remo Freuler,49,MID,Chelsea,Nott'm Forest,2023-09-02T14:00:00Z,False,Nott'm Forest
533,447,Morgan Gibbs-White,59,MID,Chelsea,Nott'm Forest,2023-09-02T14:00:00Z,False,Nott'm Forest
534,448,Wayne Hennessey,40,GKP,Chelsea,Nott'm Forest,2023-09-02T14:00:00Z,False,Nott'm Forest
535,449,Ethan Horvath,45,GKP,Chelsea,Nott'm Forest,2023-09-02T14:00:00Z,False,Nott'm Forest
536,450,Brennan Johnson,59,MID,Chelsea,Nott'm Forest,2023-09-02T14:00:00Z,False,Nott'm Forest
537,451,Cheikhou Kouyaté,49,MID,Chelsea,Nott'm Forest,2023-09-02T14:00:00Z,False,Nott'm Forest
538,452,Richie Laryea,45,DEF,Chelsea,Nott'm Forest,2023-09-02T14:00:00Z,False,Nott'm Forest
539,453,Orel Mangala,50,MID,Chelsea,Nott'm Forest,2023-09-02T14:00:00Z,False,Nott'm Forest
540,454,Loïc Mbe Soh,40,DEF,Chelsea,Nott'm Forest,2023-09-02T14:00:00Z,False,Nott'm Forest
541,455,Scott McKenna,45,DEF,Chelsea,Nott'm Forest,2023-09-02T14:00:00Z,False,Nott'm Forest
542,456,Alex Mighten,44,MID,Chelsea,Nott'm Forest,2023-09-02T14:00:00Z,False,Nott'm Forest
543,457,Moussa Niakhaté,45,DEF,Chelsea,Nott'm Forest,2023-09-02T14:00:00Z,False,Nott'm Forest
544,458,Lewis O'Brien,49,MID,Chelsea,Nott'm Forest,2023-09-02T14:00:00Z,False,Nott'm Forest
545,459,Braian Ojeda Rodríguez,45,MID,Chelsea,Nott'm Forest,2023-09-02T14:00:00Z,False,Nott'm Forest
546,460,Jonathan Panzo,40,DEF,Chelsea,Nott'm Forest,2023-09-02T14:00:00Z,False,Nott'm Forest
547,461,Omar Richards,44,DEF,Chelsea,Nott'm Forest,2023-09-02T14:00:00Z,False,Nott'm Forest
548,462,Gustavo Henrique Furtado Scarpa,45,MID,Chelsea,Nott'm Forest,2023-09-02T14:00:00Z,False,Nott'm Forest
549,463,Jonjo Shelvey,49,MID,Chelsea,Nott'm Forest,2023-09-02T14:00:00Z,False,Nott'm Forest
550,464,Sam Surridge,45,FWD,Chelsea,Nott'm Forest,2023-09-02T14:00:00Z,False,Nott'm Forest
551,465,Harry Toffolo,44,DEF,Chelsea,Nott'm Forest,2023-09-02T14:00:00Z,False,Nott'm Forest
552,466,Hwang Ui-jo,44,FWD,Chelsea,Nott'm Forest,2023-09-02T14:00:00Z,False,Nott'm Forest
553,467,Neco Williams,45,DEF,Chelsea,Nott'm Forest,2023-09-02T14:00:00Z,False,Nott'm Forest
554,468,Chris Wood,50,FWD,Chelsea,Nott'm Forest,2023-09-02T14:00:00Z,False,Nott'm Forest
555,469,Joe Worrall,45,DEF,Chelsea,Nott'm Forest,2023-09-02T14:00:00Z,False,Nott'm Forest
556,470,Ryan Yates,49,MID,Chelsea,Nott'm Forest,2023-09-02T14:00:00Z,False,Nott'm Forest
557,604,Olu Aina,45,DEF,Chelsea,Nott'm Forest,2023-09-02T14:00:00Z,False,Nott'm Forest
558,636,George Shelvey,40,GKP,Chelsea,Nott'm Forest,2023-09-02T14:00:00Z,False,Nott'm Forest
559,637,Josh Powell,40,DEF,Chelsea,Nott'm Forest,2023-09-02T14:00:00Z,False,Nott'm Forest
560,679,Gonzalo Montiel,45,DEF,Chelsea,Nott'm Forest,2023-09-02T14:00:00Z,False,Nott'm Forest
561,27,Auston Trusty,40,DEF,Sheffield Utd,Everton,2023-09-02T11:30:00Z,True,Sheffield Utd
562,33,Cameron Archer,45,FWD,Sheffield Utd,Everton,2023-09-02T11:30:00Z,True,Sheffield Utd
563,471,Anel Ahmedhodžić,45,DEF,Sheffield Utd,Everton,2023-09-02T11:30:00Z,True,Sheffield Utd
564,472,Jordan Amissah,40,GKP,Sheffield Utd,Everton,2023-09-02T11:30:00Z,True,Sheffield Utd
565,473,George Baldock,40,DEF,Sheffield Utd,Everton,2023-09-02T11:30:00Z,True,Sheffield Utd
566,474,Chris Basham,40,DEF,Sheffield Utd,Everton,2023-09-02T11:30:00Z,True,Sheffield Utd
567,476,Jayden Bogle,45,DEF,Sheffield Utd,Everton,2023-09-02T11:30:00Z,True,Sheffield Utd
568,477,Rhian Brewster,49,FWD,Sheffield Utd,Everton,2023-09-02T11:30:00Z,True,Sheffield Utd
569,478,Ismaila Coulibaly,44,MID,Sheffield Utd,Everton,2023-09-02T11:30:00Z,True,Sheffield Utd
570,479,Adam Davies,40,GKP,Sheffield Utd,Everton,2023-09-02T11:30:00Z,True,Sheffield Utd
571,480,John Egan,45,DEF,Sheffield Utd,Everton,2023-09-02T11:30:00Z,True,Sheffield Utd
572,481,John Fleck,49,MID,Sheffield Utd,Everton,2023-09-02T11:30:00Z,True,Sheffield Utd
573,482,Wes Foderingham,45,GKP,Sheffield Utd,Everton,2023-09-02T11:30:00Z,True,Sheffield Utd
574,483,Daniel Jebbison,49,FWD,Sheffield Utd,Everton,2023-09-02T11:30:00Z,True,Sheffield Utd
575,484,Max Lowe,45,DEF,Sheffield Utd,Everton,2023-09-02T11:30:00Z,True,Sheffield Utd
576,485,Oliver McBurnie,54,FWD,Sheffield Utd,Everton,2023-09-02T11:30:00Z,True,Sheffield Utd
577,486,Iliman Ndiaye,55,FWD,Sheffield Utd,Everton,2023-09-02T11:30:00Z,True,Sheffield Utd
578,487,Rhys Norrington-Davies,40,DEF,Sheffield Utd,Everton,2023-09-02T11:30:00Z,True,Sheffield Utd
579,488,Oliver Norwood,50,MID,Sheffield Utd,Everton,2023-09-02T11:30:00Z,True,Sheffield Utd
580,489,Ben Osborn,49,MID,Sheffield Utd,Everton,2023-09-02T11:30:00Z,True,Sheffield Utd
581,490,William Osula,45,FWD,Sheffield Utd,Everton,2023-09-02T11:30:00Z,True,Sheffield Utd
582,576,Jack Robinson,45,DEF,Sheffield Utd,Everton,2023-09-02T11:30:00Z,True,Sheffield Utd
583,587,Anis Slimane,49,MID,Sheffield Utd,Everton,2023-09-02T11:30:00Z,True,Sheffield Utd
584,592,Yasser Larouci,45,DEF,Sheffield Utd,Everton,2023-09-02T11:30:00Z,True,Sheffield Utd
585,593,Bénie Traoré,55,FWD,Sheffield Utd,Everton,2023-09-02T11:30:00Z,True,Sheffield Utd
586,638,Vini de Souza Costa,50,MID,Sheffield Utd,Everton,2023-09-02T11:30:00Z,True,Sheffield Utd
587,653,Femi Seriki,40,DEF,Sheffield Utd,Everton,2023-09-02T11:30:00Z,True,Sheffield Utd
588,654,Louie Marsh,45,FWD,Sheffield Utd,Everton,2023-09-02T11:30:00Z,True,Sheffield Utd
589,655,Andre Brooks,45,MID,Sheffield Utd,Everton,2023-09-02T11:30:00Z,True,Sheffield Utd
590,656,Antwoine Hackford,45,FWD,Sheffield Utd,Everton,2023-09-02T11:30:00Z,True,Sheffield Utd
591,663,Gustavo Hamer,50,MID,Sheffield Utd,Everton,2023-09-02T11:30:00Z,True,Sheffield Utd
592,666,Tom Davies,50,MID,Sheffield Utd,Everton,2023-09-02T11:30:00Z,True,Sheffield Utd
593,491,Brandon Austin,40,GKP,Burnley,Spurs,2023-09-02T14:00:00Z,False,Spurs
594,492,Rodrigo Bentancur,55,MID,Burnley,Spurs,2023-09-02T14:00:00Z,False,Spurs
595,493,Yves Bissouma,50,MID,Burnley,Spurs,2023-09-02T14:00:00Z,False,Spurs
596,494,Bryan Gil Salvatierra,50,MID,Burnley,Spurs,2023-09-02T14:00:00Z,False,Spurs
597,495,Ben Davies,45,DEF,Burnley,Spurs,2023-09-02T14:00:00Z,False,Spurs
598,496,Eric Dier,44,DEF,Burnley,Spurs,2023-09-02T14:00:00Z,False,Spurs
599,497,Emerson Leite de Souza Junior,45,DEF,Burnley,Spurs,2023-09-02T14:00:00Z,False,Spurs
600,498,Fraser Forster,40,GKP,Burnley,Spurs,2023-09-02T14:00:00Z,False,Spurs
601,499,Pierre-Emile Højbjerg,54,MID,Burnley,Spurs,2023-09-02T14:00:00Z,False,Spurs
602,500,Harry Kane,125,FWD,Burnley,Spurs,2023-09-02T14:00:00Z,False,Spurs
603,501,Dejan Kulusevski,70,MID,Burnley,Spurs,2023-09-02T14:00:00Z,False,Spurs
604,502,Hugo Lloris,49,GKP,Burnley,Spurs,2023-09-02T14:00:00Z,False,Spurs
605,503,Giovani Lo Celso,49,MID,Burnley,Spurs,2023-09-02T14:00:00Z,False,Spurs
606,504,James Maddison,77,MID,Burnley,Spurs,2023-09-02T14:00:00Z,False,Spurs
607,505,Tanguy Ndombélé Alvaro,44,MID,Burnley,Spurs,2023-09-02T14:00:00Z,False,Spurs
608,506,Pedro Porro,49,DEF,Burnley,Spurs,2023-09-02T14:00:00Z,False,Spurs
609,507,Ivan Perišić,49,DEF,Burnley,Spurs,2023-09-02T14:00:00Z,False,Spurs
610,508,Sergio Reguilón,44,DEF,Burnley,Spurs,2023-09-02T14:00:00Z,False,Spurs
611,509,Richarlison de Andrade,69,MID,Burnley,Spurs,2023-09-02T14:00:00Z,False,Spurs
612,510,Joe Rodon,40,DEF,Burnley,Spurs,2023-09-02T14:00:00Z,False,Spurs
613,511,Cristian Romero,46,DEF,Burnley,Spurs,2023-09-02T14:00:00Z,False,Spurs
614,512,Davinson Sánchez,44,DEF,Burnley,Spurs,2023-09-02T14:00:00Z,False,Spurs
615,513,Pape Matar Sarr,45,MID,Burnley,Spurs,2023-09-02T14:00:00Z,False,Spurs
616,514,Ryan Sessegnon,45,DEF,Burnley,Spurs,2023-09-02T14:00:00Z,False,Spurs
617,515,Oliver Skipp,49,MID,Burnley,Spurs,2023-09-02T14:00:00Z,False,Spurs
618,516,Son Heung-min,90,MID,Burnley,Spurs,2023-09-02T14:00:00Z,False,Spurs
619,517,Djed Spence,40,DEF,Burnley,Spurs,2023-09-02T14:00:00Z,False,Spurs
620,518,Japhet Tanganga,40,DEF,Burnley,Spurs,2023-09-02T14:00:00Z,False,Spurs
621,519,Destiny Udogie,46,DEF,Burnley,Spurs,2023-09-02T14:00:00Z,False,Spurs
622,520,Guglielmo Vicario,50,GKP,Burnley,Spurs,2023-09-02T14:00:00Z,False,Spurs
623,521,Alfie Whiteman,40,GKP,Burnley,Spurs,2023-09-02T14:00:00Z,False,Spurs
624,583,Manor Solomon,54,MID,Burnley,Spurs,2023-09-02T14:00:00Z,False,Spurs
625,639,Micky van de Ven,45,DEF,Burnley,Spurs,2023-09-02T14:00:00Z,False,Spurs
626,640,Dane Scarlett,45,FWD,Burnley,Spurs,2023-09-02T14:00:00Z,False,Spurs
627,641,Alejo Véliz,55,FWD,Burnley,Spurs,2023-09-02T14:00:00Z,False,Spurs
628,522,Nayef Aguerd,45,DEF,Luton,West Ham,2023-09-01T19:00:00Z,False,West Ham
629,523,Michail Antonio,60,FWD,Luton,West Ham,2023-09-01T19:00:00Z,False,West Ham
630,524,Alphonse Areola,41,GKP,Luton,West Ham,2023-09-01T19:00:00Z,False,West Ham
631,525,Saïd Benrahma,59,MID,Luton,West Ham,2023-09-01T19:00:00Z,False,West Ham
632,526,Jarrod Bowen,70,MID,Luton,West Ham,2023-09-01T19:00:00Z,False,West Ham
633,527,Maxwel Cornet,54,MID,Luton,West Ham,2023-09-01T19:00:00Z,False,West Ham
634,528,Vladimír Coufal,45,DEF,Luton,West Ham,2023-09-01T19:00:00Z,False,West Ham
635,529,Conor Coventry,44,MID,Luton,West Ham,2023-09-01T19:00:00Z,False,West Ham
636,530,Aaron Cresswell,44,DEF,Luton,West Ham,2023-09-01T19:00:00Z,False,West Ham
637,531,Flynn Downes,50,MID,Luton,West Ham,2023-09-01T19:00:00Z,False,West Ham
638,532,Emerson Palmieri dos Santos,45,DEF,Luton,West Ham,2023-09-01T19:00:00Z,False,West Ham
639,533,Lukasz Fabianski,44,GKP,Luton,West Ham,2023-09-01T19:00:00Z,False,West Ham
640,534,Pablo Fornals Malla,49,MID,Luton,West Ham,2023-09-01T19:00:00Z,False,West Ham
641,535,Danny Ings,59,FWD,Luton,West Ham,2023-09-01T19:00:00Z,False,West Ham
642,536,Ben Johnson,44,DEF,Luton,West Ham,2023-09-01T19:00:00Z,False,West Ham
643,537,Thilo Kehrer,44,DEF,Luton,West Ham,2023-09-01T19:00:00Z,False,West Ham
644,538,Divin Mubama,45,FWD,Luton,West Ham,2023-09-01T19:00:00Z,False,West Ham
645,539,Lucas Tolentino Coelho de Lima,60,MID,Luton,West Ham,2023-09-01T19:00:00Z,False,West Ham
646,541,Gianluca Scamacca,60,FWD,Luton,West Ham,2023-09-01T19:00:00Z,False,West Ham
647,542,Tomáš Souček,50,MID,Luton,West Ham,2023-09-01T19:00:00Z,False,West Ham
648,543,Nikola Vlašić,45,MID,Luton,West Ham,2023-09-01T19:00:00Z,False,West Ham
649,544,Kurt Zouma,45,DEF,Luton,West Ham,2023-09-01T19:00:00Z,False,West Ham
650,577,Angelo Ogbonna,45,DEF,Luton,West Ham,2023-09-01T19:00:00Z,False,West Ham
651,642,Edson Álvarez Velázquez,50,MID,Luton,West Ham,2023-09-01T19:00:00Z,False,West Ham
652,647,Joseph Anang,40,GKP,Luton,West Ham,2023-09-01T19:00:00Z,False,West Ham
653,664,James Ward-Prowse,60,MID,Luton,West Ham,2023-09-01T19:00:00Z,False,West Ham
654,676,Konstantinos Mavropanos,45,DEF,Luton,West Ham,2023-09-01T19:00:00Z,False,West Ham
655,545,Rayan Aït-Nouri,45,DEF,Crystal Palace,Wolves,2023-09-03T13:00:00Z,False,Wolves
656,546,Daniel Bentley,40,GKP,Crystal Palace,Wolves,2023-09-03T13:00:00Z,False,Wolves
657,547,Bendegúz Bolla,40,DEF,Crystal Palace,Wolves,2023-09-03T13:00:00Z,False,Wolves
658,548,Hugo Bueno López,45,DEF,Crystal Palace,Wolves,2023-09-03T13:00:00Z,False,Wolves
659,549,Francisco Jorge Tomás Oliveira,45,MID,Crystal Palace,Wolves,2023-09-03T13:00:00Z,False,Wolves
660,550,Luke Cundle,45,MID,Crystal Palace,Wolves,2023-09-03T13:00:00Z,False,Wolves
661,551,Craig Dawson,45,DEF,Crystal Palace,Wolves,2023-09-03T13:00:00Z,False,Wolves
662,552,Fábio Silva,55,FWD,Crystal Palace,Wolves,2023-09-03T13:00:00Z,False,Wolves
663,554,Gonçalo Manuel Ganchinho Guedes,54,MID,Crystal Palace,Wolves,2023-09-03T13:00:00Z,False,Wolves
664,555,Joe Hodge,44,MID,Crystal Palace,Wolves,2023-09-03T13:00:00Z,False,Wolves
665,556,Ki-Jana Hoever,40,DEF,Crystal Palace,Wolves,2023-09-03T13:00:00Z,False,Wolves
666,557,Hwang Hee-chan,55,MID,Crystal Palace,Wolves,2023-09-03T13:00:00Z,False,Wolves
667,559,João Victor Gomes da Silva,50,MID,Crystal Palace,Wolves,2023-09-03T13:00:00Z,False,Wolves
668,560,Jonathan Castro Otto,44,DEF,Crystal Palace,Wolves,2023-09-03T13:00:00Z,False,Wolves
669,561,Bruno Cavaco Jordão,44,MID,Crystal Palace,Wolves,2023-09-03T13:00:00Z,False,Wolves
670,562,Sasa Kalajdzic,50,FWD,Crystal Palace,Wolves,2023-09-03T13:00:00Z,False,Wolves
671,563,Max Kilman,45,DEF,Crystal Palace,Wolves,2023-09-03T13:00:00Z,False,Wolves
672,564,Tom King,40,GKP,Crystal Palace,Wolves,2023-09-03T13:00:00Z,False,Wolves
673,565,Mario Lemina,50,MID,Crystal Palace,Wolves,2023-09-03T13:00:00Z,False,Wolves
674,566,Matheus Luiz Nunes,50,MID,Crystal Palace,Wolves,2023-09-03T13:00:00Z,False,Wolves
675,567,Pedro Lomba Neto,55,MID,Crystal Palace,Wolves,2023-09-03T13:00:00Z,False,Wolves
676,568,Daniel Castelo Podence,54,MID,Crystal Palace,Wolves,2023-09-03T13:00:00Z,False,Wolves
677,569,José Malheiro de Sá,50,GKP,Crystal Palace,Wolves,2023-09-03T13:00:00Z,False,Wolves
678,570,Pablo Sarabia,50,MID,Crystal Palace,Wolves,2023-09-03T13:00:00Z,False,Wolves
679,571,Matija Šarkić,40,GKP,Crystal Palace,Wolves,2023-09-03T13:00:00Z,False,Wolves
680,572,Nélson Cabral Semedo,45,DEF,Crystal Palace,Wolves,2023-09-03T13:00:00Z,False,Wolves
681,573,Toti António Gomes,45,DEF,Crystal Palace,Wolves,2023-09-03T13:00:00Z,False,Wolves
682,574,Boubacar Traoré,44,MID,Crystal Palace,Wolves,2023-09-03T13:00:00Z,False,Wolves
683,590,Matheus Santos Carneiro Da Cunha,55,FWD,Crystal Palace,Wolves,2023-09-03T13:00:00Z,False,Wolves
684,598,Matt Doherty,44,DEF,Crystal Palace,Wolves,2023-09-03T13:00:00Z,False,Wolves
